,AMT005c,AMT018a,AMT019a,AMT020a,AMT021b,AMT023d,AMT024b,BOL005c,BOL006b,BRT026c,BRT034f,BRT036b,BRT038b,BRT039c,TAR010c,TAR017b,bbl086b,bbl099g,bbl104h
0,-0.14325510419954401,0.0567906287988178,-0.2772181247608332,1.0156089638660948,-0.15121678843658914,0.051567121314064934,-1.0169450475723716,-0.03610001957016484,-0.1552175595523666,-0.009762553823633446,-0.10554643858526269,-0.32453485211867905,-0.5000811877203981,-0.2961440033954408,-0.552595294015144,-0.5270363158820706,0.29984210329193806,0.4132699976251146,-0.6680414985192957
1,-0.5496863334600253,0.06855686750012424,0.15921537208902992,-0.42714204118853427,0.2431779833601282,-0.2017525888339855,-0.744551337262557,-0.16976893501205126,0.19295375845346463,-0.02282656513810366,0.0026803376905579768,-0.2172744178546302,-0.997181303110076,0.015535754807497693,1.9043419397265664,-0.059089043573007594,0.26542019827932073,-1.0797618384140169,1.6583519683500727
2,0.37743823157349343,0.35290913529205614,0.0940056431308931,0.6706011481496681,0.05202780015642583,-0.37690969641895444,0.04798066349092167,0.005261975072286429,0.2675646673946197,-0.12967397649159018,0.31236446232457027,0.22377633044648482,0.34310167547795434,0.15820950270219125,0.4830554123073618,0.49317707462938554,-0.44008296257167556,-0.5436593317894127,0.6065844852994076
3,-0.08966247785171966,0.07817399248616486,-0.5037767782041489,-0.7809992886422092,0.1597359093230475,-0.041580898944953315,0.5713028736841412,0.17477009879153105,-0.4092904976784295,0.29113772043532204,-0.20917922427850488,-0.42766944880240354,-0.0489854089723627,0.5607490210272377,-0.7727059864234374,-0.3423526735707929,-0.3711057858953022,-0.9681121018570709,-0.8426743089289976
4,-0.5029314454093825,-0.20385419090126167,-0.3277193296699634,1.626811850348263,0.2512640950149554,0.001921122167152678,-0.6325988816571648,-0.12461246303024431,-0.5066299142479176,0.3725502352781298,-0.03913930563084822,0.44043094904118885,0.4385431133671487,-0.08879590952744554,-0.08508905485157126,0.19399896209108825,-0.3207284739675442,-0.7649831271283096,-0.9520711118564407
5,0.1861999036576405,0.3787614883798618,0.46385013853354007,0.5631741226907829,0.44592714993519156,0.5854041315258702,0.3644271921787201,-0.07971377957389958,-0.300281070661617,0.13912220280352194,-0.6705721331381049,-0.08584516970737921,1.3736793834528633,0.239890685288211,-0.7283766430220453,0.462376287553143,0.08403303374183713,2.1134150755477616,-1.895190330185672
6,0.5809691092733953,-0.12738393811672566,-0.038590100796573434,-0.17422731096769262,0.5441417628791609,0.2812764661445506,1.5328240202265162,0.0035109743060504073,0.10459778315127011,-0.22511937614211774,0.3572276266000136,0.23617169679647265,0.3070425554105132,-0.9092192308848106,1.3895513092145118,-0.012259663331525061,-0.621718342842422,2.590578069592449,-0.49822779672970263
7,0.28749732122011995,-0.17301375811963826,-0.027320982376308756,0.333059586952861,0.22202335371177728,0.21590504381620468,-0.9194386967233523,-0.2669158487100125,0.12823898067349315,-0.15730184653757462,-0.056873327195045675,0.1707697239624566,-0.2687751449889486,-0.1928193762846817,0.07726796918194268,0.024535473033339805,0.19478507084513685,-0.394366574407476,-1.2363643269037503
8,0.27759974072948257,0.04362840995575645,0.3964802790135109,-1.234570883648602,0.37231527101326023,-0.3699051701175269,1.4994695659801351,0.06839987345278153,0.12958502866752397,-0.3060106071907551,0.05330401836319165,0.0038147619618729145,-2.4134641871702947,-0.14413842486536854,0.8778252093905747,0.43084638244742024,-0.2271243878630531,0.4930608072793312,1.0019750338219087
9,0.297589989284754,0.004934932678221315,0.1812504203492522,0.019109165072142886,-0.13504797119316292,-0.1786960225818084,1.0783473271689203,0.3012735696663369,0.5329127634359825,0.002827945958399525,-0.6591571020951141,-0.22480857335349835,1.821491961073269,-0.6605708925049179,-1.3115625815785057,-0.2405965920039641,-0.14690265594610485,-0.8267018604259242,-1.372080215588264
10,0.2065857965113933,-0.46095008761955736,-0.10588235387292766,-0.005108348280426611,0.1963165999788652,-0.028697481094289046,0.09530583306640761,0.0024641205846500647,0.5457932426817438,0.4215362389521635,-0.10294269291252611,-0.04687742775571957,-1.5761553417980583,0.7252938065665862,0.432460534381125,-0.09722667990328038,-0.1925727291254833,2.3942406354190275,0.8726128736697323
11,-0.14788307365707443,-0.20620402573390528,0.4630470167818652,-0.24890995145304018,0.2147853041410941,0.03896551997182485,-0.990951854873785,-0.018002210301194754,0.19325074822112587,0.19263853178476964,-0.2880885623250462,-0.3479804740606447,-1.8339783016764892,0.29580626226118323,-0.1449700359464252,0.39935426735084345,-0.030936146409323406,-0.829989230487346,0.7204833347465947
12,-0.3992001013962678,-0.5305078257981863,-0.30432330629620585,-1.1488633372033838,-0.04171667006758639,-0.4366779862781316,-0.22060486367745913,0.031068774026285162,0.05327098353322768,-0.3291760418081262,-0.3676958967866435,0.3128664064212421,-2.01963840225606,-1.0871924989331228,1.3671622701862534,0.04478792685749511,0.08765735344665604,0.9978362960649338,1.2630593474054308
13,0.45078210290021214,0.2651003413412276,0.19145302288401744,0.5270857865572278,-0.5725957564483566,0.25510756657311395,0.6500822605644636,-0.4155364740637748,-0.14361372897907998,0.0630659263118627,0.5304200869082045,0.09107894939726346,-0.4814696713171278,-0.06995496205643725,0.5128996933977232,1.2583490858596331,-0.7158509239656756,-0.28204845825447045,-1.2631133771549088
14,0.46416818421978867,0.12720424703697653,-0.2319093116070392,-0.7895966012487374,-0.20578376070655402,-0.10500647684363695,-0.12922968214854968,-0.03178422506233458,0.16870260974682427,-0.15076527226151182,-0.2827240862040128,-0.0374685422806178,1.1312122909770217,-0.9835638319875333,-1.0700664752526396,-0.6945208503928404,-0.6647604890861953,-1.1387526320419212,-1.4201373469158947
15,-0.21426926385263556,-0.06902469365357078,0.09802450923256423,0.11725198653053326,0.15187928560522712,-0.22625469916774543,1.1475117861647783,0.18220684848738689,0.5553240981594394,0.1315921029779057,0.2783084536276439,0.14232285697768488,-1.0776706755566519,0.05170435291027875,-0.39472646266042855,-0.4582806845180203,0.5014822475807512,-0.38300801429512177,-0.9434168175958106
16,-0.22243479770708507,-0.13481232001042898,0.20581329541739768,-0.5573509371225169,-0.2548954459423931,0.20932931894577367,-0.9262782863425896,-0.0790317875904436,-0.6070453787683725,-0.6297149832339768,-0.15301653698251894,0.3549716562108709,2.0819644608713794,-0.019137622314847835,1.1222157498007759,-0.4419857158738898,0.480068337707817,2.0713649873953965,-1.2082641155764797
17,-0.23034632385616316,-0.5685679116470626,-0.3313603536269336,-0.9965514129767836,-0.29498360151720693,-0.5819090485163252,-0.28275199846260257,-0.2659112628992579,0.1648012903751903,-0.437284496373632,0.3401884895112328,0.08428688435325382,-1.8083042731494086,0.08947957496295578,-0.7093024923177405,0.04944622285946121,-0.6184336503699419,1.1430421554785273,-0.4448689184779502
18,1.1931661457817881,0.3664479878374429,0.20850457558563917,-0.5600005428947714,-0.0963709362656675,0.39701093564675816,0.625421042380756,-0.13840508350702585,0.04913004574100022,-0.1620173250530348,0.3200650003928116,-0.25171224593786556,0.2124264686598698,0.421378678836013,0.04973183647316404,0.10091996372284306,0.35171663346631377,0.09400933894098884,-0.17918899612167039
19,0.046498591495500285,-0.10767252575779285,0.11155012220212379,-0.281436836641876,-0.017915741424190834,0.5365562019900656,0.8966504848259733,-0.23649352174861926,-0.3874113450170684,-0.028586723729579155,0.01142454154641026,-0.5435374350344677,-0.7165850375461078,0.6027257640488104,0.1871638688526973,0.49192479824117274,-0.01403863617000578,0.6972619481578644,-1.5584942683447078
20,0.9007817628355772,0.029315807251336423,0.3975242561661605,1.3239354535135073,0.4247934689142636,-0.09934085857623165,-0.35952996877999155,-0.18729664434403448,-0.09708581050524323,-0.37769239631185236,0.23768154414769516,0.06933078489830091,0.23789029607421686,0.10935287725476606,-0.9863999818195133,0.24349047314585803,-0.057134244267140755,2.224847750262918,-1.4895610824137062
21,0.225111766740814,-0.52610483275053,0.33497011994564163,0.3612655777831302,0.07919998235868997,0.20278476478392005,1.0024165083319128,0.1255479501654433,-0.1463431255298877,-0.3183754009886437,-0.19854482456495592,-0.04574058494109989,-1.0850706132202523,-0.5053506987107808,-0.1533752880162229,-0.26546740901250043,0.22591711176630547,-2.2058572341129468,-0.7993487843326532
22,0.6341854986177413,-0.5313520501299731,0.2999881360933876,-0.6645715370369372,0.003470325909962213,-0.5081023748792619,-0.7848902394489832,0.19815964247618778,-0.05133898869412068,0.22280065820527373,0.6199580295705309,-0.12485013581161031,0.1831956691207246,0.18898209719090486,-0.6697813285484431,-0.3043501914108866,0.5358381983966289,1.510474208840499,-1.287572574944802
23,-0.3486907844855489,0.514682800071574,-0.22339788691357843,0.06653950640009132,0.266293537716332,0.2662774246537296,0.21630073810765627,-0.06199728930089421,-0.3383303829753874,0.19074626516144022,-0.35277294572262186,0.4056664243262533,-0.799663071949209,0.12105579700429159,0.42519199612754033,0.8259671470368968,0.3662036879488393,0.7631415805501529,-1.1178353047470289
24,-0.21789325529849535,-0.0625130780135521,-0.27420965808581643,0.42859736926700087,-0.3195067701872394,-0.028776699362413005,1.468968978819599,0.04766072799044618,-0.48404999423410366,0.05094729809050147,0.24003297255914902,0.18907774862372495,-1.8561412647024964,-0.015517857906752752,-0.7146767534862954,-1.0878960967480777,-0.42531871161220325,0.5515504986204505,-1.1703337580473692
25,-0.1464177879286801,-0.16784301827984827,0.39681031045337356,-0.5055235524559478,-0.005472961734822146,-0.5449669684283278,0.637423676014361,0.02627019441860945,0.6423479523784321,-0.040856860455805055,-0.27205385382910396,0.4542274156712254,-1.3094943385776388,-1.0025702019342555,-0.647137096245614,-0.4228529433189214,0.27885874134540733,1.3473209170346463,-1.1611339242786318
26,0.4499135860552652,-0.15251440542801564,0.022268913268257418,-0.622794784883955,-0.35063717851485654,-0.224358383119593,0.5206637035884185,-0.11550212899676238,0.30702201451802313,0.13571261640420662,-0.27215702285065024,-0.07672124533299396,1.1577164104225046,-0.33832792025801783,-0.7571772891843178,-0.09746965750801273,-0.2382138811241239,0.2237098602654406,1.390510142579684
27,-0.23205520969096582,0.3070471274899367,-0.09905991724009855,-0.6983223728930836,-0.39949133355916056,-0.406980993941906,0.388361108080991,0.09661846698182508,0.352743460835117,0.2097352671176438,0.02240751501495719,0.07677117073098971,-0.5229353433278634,0.23140423454847037,-0.0946409907382133,-0.17237191044473565,0.3762908249037049,1.2476298235574852,0.5356079276730696
28,0.043852072722754265,0.2847028874148272,-0.08634070501309132,0.04449849494735858,0.4654235557507631,0.39989582607365204,-0.7571728873601256,-0.20739160808968293,0.5285235689755199,0.39407905084801254,0.12051240427884746,-0.08299048944762566,-0.5045836050922592,0.24139091598833362,0.03266878849381172,0.5264358985694146,-0.6348180747868915,0.5159877806168485,0.916160735127729
29,-0.12120490051742827,0.22277792905235305,-0.09341600110399906,1.1854736806674468,-0.17344854004674293,0.6172416955898106,0.11260094370951634,0.2605763788964972,-0.3300825714846667,-0.4423823997322085,-0.09070805093647216,0.4877629136281203,1.0532131220939869,0.16736899838713848,-0.8071255729394338,-0.2884140738064582,-0.43498838651836946,0.9247712347881238,1.0305919561142378
30,-0.19511343496417943,0.14710916387619388,-0.15634993016900678,0.10609722445611691,-0.13072143917322476,0.33893776560499367,-0.0469919164987207,-0.18481099541981738,0.5165232901288546,-0.06483068076771037,-0.46915572898148206,0.01613890055399203,-2.6185968622905307,-0.37993655185204167,-0.19830684284943434,0.46118231386686137,-0.8793602110380534,-1.1975856810334866,-1.2337149428107104
31,-0.008912968585844006,0.10613659687138277,-0.7103403475300856,1.1445209032577033,-0.3574539681530928,-0.06993941990751473,0.008678867916743549,0.058449770551462166,0.316366510719031,0.2631034648261119,-0.10350719892560534,0.13466886758246766,-0.5229353433278634,-0.16907453230362757,-1.0217218055211017,0.2933959459530291,-0.170859340051007,0.7400414639014947,1.0931277905132086
32,0.3123772960109017,-0.3837541025921132,0.09032899457569821,0.36546930291806223,-0.2825627575182481,0.41516247230909986,0.09233710759217395,-0.07369682240717967,0.35652406915747736,0.1688181847006689,-0.19317225260585413,0.03237238568652723,0.5608744057932551,0.1705068763214599,0.13162599824081855,0.890756596025069,-0.6766648271553883,-0.23189931668878216,-0.49669631328487274
33,0.33251358326664704,-0.050627165801166996,-0.09350832403816511,1.203299268199241,0.5996817345276368,0.10535025704984369,-0.7270333169272565,-0.38412303572139406,0.6625963768364036,0.056084152226485884,0.08618420420689876,-0.11307630570034677,-0.9119302575395967,-0.11688211802815252,-1.4966946655245525,0.02532213759191304,-0.12573569560007813,-0.5351755569652203,-1.0195629353965883
34,-0.21321377070689085,0.9949731173625969,-0.03226567525431001,-0.35896993648467035,-0.16741027298369415,0.2547183087945637,-0.3602579808937598,-0.03949897439578498,0.04188576161253721,-0.16151971760025496,0.20159205622061815,0.1358183539402793,2.4386387245755277,-0.7772821778625856,0.6121531668837719,-0.46441663349504037,-0.4099902179372772,2.7656520412473276,1.9807249255145019
35,-0.8232069782387468,0.31151825061510774,0.29161220319118497,0.14650475721595058,0.4210766453562047,-0.0494229127268313,-0.19669829136622496,0.20066988794237384,-0.40246313225860497,0.35797596592415104,-0.1965619022268017,-0.20226948382026189,0.04898540897236181,-0.1085750201934359,0.8212977423072312,0.8379247352490413,-0.16976016779945446,1.3860105684120683,0.5566644141623502
36,0.0007527196181555951,0.29874464596405037,0.2668855480911443,-0.6359784626570972,0.17290212201058708,0.1887511288420609,-1.472007429002864,0.03559192561132951,0.4578567781794991,-0.17905268600185842,0.424359798952735,-0.44817505616246356,0.02641871169500032,-0.3443173436981697,-1.1379343794559285,0.21158080690959125,0.41327783020681785,0.28581570342924145,-0.8423769513501087
37,0.38558750597748404,-0.04005015016032143,0.17973438272219866,-0.41844314274943795,0.02449353790859865,-0.07445055370290854,0.7894115047218921,0.24804535174796039,0.4387271759296887,0.2992492083122196,0.47511476571813294,0.1624925285264629,2.05328439802296,-0.15832639954896388,-1.1037679696641032,0.1030587067187021,-0.1073321754506642,-0.8192460612433834,0.5036557259838901
38,0.11129515352269692,0.17688551244097006,0.07812790720216922,1.3142515657091707,0.011696846210985878,-0.2406471376215351,1.512326974086359,0.2077266379950724,-0.03196206547247549,0.5331259097190353,0.14037204190945118,-0.2463294469738595,-0.2859582828323406,0.2906958301133509,0.7849488564368636,0.31620528143520676,0.2746867528601036,-1.111596865322972,0.9161607351277281
39,0.17282636234444038,-0.10370253172703325,0.7754442167247166,-0.4427630245205698,0.1955940929780282,-0.029581222121662254,0.031135299028026253,0.3534954242758519,-0.15171688943947004,-0.1938795958513131,0.6221759190087539,0.2304347308369299,1.185400773753071,-0.3628643373291984,0.2827383195754649,-0.16603411889444875,0.5399164953441433,1.7951090087259844,-2.153233176272221
40,-0.3223718859044693,-0.30317464278362305,0.12318964849069136,-0.4192710392251433,0.24888094454054643,0.4398264956566962,0.6392631868687451,0.07566845222575447,-0.09964061488838816,0.28916966077305606,0.023001050424227287,-0.1530393822805114,-0.6580239936810823,0.11061396370082033,1.969980207383859,0.05654469469523349,-0.48178289540457797,0.39634363965233277,-1.520795527748815
41,0.1122026071147193,0.907205652465426,-0.23336931055225518,-0.8708612451879896,-0.20388079608378318,0.14641839304753201,-0.11317648413846193,0.36167207394134193,-0.0775384026179271,0.06365065519105162,-0.20692237244560907,0.5655667705303142,-2.4386387245755303,0.28122461473322957,1.1154122374775355,-0.34611815323860906,-0.2518911363958072,0.1301532878512699,-0.11467373640126599
42,0.5985182698887996,0.2948043262637876,-0.07840323117937498,-0.012604811842534147,-0.07535993668482899,-0.8327139950285503,-0.3264241493586164,0.4239254042757725,0.4675553872328635,0.21933584037173848,0.20178345666515085,0.15967396963501512,-0.46488322559088324,-0.34747068636016687,-2.04917728929491,-0.7511581399194647,0.4265471410900692,-1.2971964382896228,-0.6729582837827248
43,0.20905299444004477,-0.05076813985462181,0.2705377906509665,-0.4405532054790484,-0.015488306706363808,0.09616962606850876,0.9234316725225611,0.18673512989730368,0.5092380224563628,0.2665219726902244,-0.14572015086374535,0.16844274054389263,1.7297920299766867,0.15630635440986262,0.6179357983916649,-0.2932516059749881,-0.24606473344371915,-2.3572314880715224,-0.28053461529361723
44,-0.4179960052643281,-0.41053656557882956,0.6156935018004566,0.858923484602558,0.09006200539585762,-0.2005809856819627,-0.7286183037567673,0.1549306214979107,0.3261227217814433,0.5114614491755489,-0.541054715452165,-0.40162832363160517,0.5608744057932569,0.01072438545787957,-0.245310888897726,-0.06691108287134373,-0.2032428221165441,-0.8949211350790618,0.46311512697928325
45,0.5827268402747032,-0.040347015969482314,0.11324554860814473,-0.7909014975918742,-0.8727030590770979,-0.33859380946020945,-1.32706829061316,-0.03378183731322881,0.004064507799353301,0.46448803577657216,-0.13195861457763236,-0.05956342144915405,0.7324072195923259,-0.6311690844714475,-1.1334543927520997,-0.18516575130437474,0.4192692571884691,0.8579851078497969,1.8879881278834834
46,-0.5500331939398952,0.1505485400819886,0.41170197957622223,-1.0455267533501376,0.5387141038499275,0.2596060893906498,0.6605373078340886,0.20495043751065767,0.2623026379797615,0.49404143041821413,-0.16362390258730564,0.20409981939601174,-1.8561412647024955,-1.0724282300064867,-0.4835818856064371,0.003273201460428865,-0.294747650462476,1.2408482520076918,0.705859141727954
47,0.016601357718736942,-0.186229815406743,-0.0635825005833972,0.11820528776443151,0.1639565851540561,-0.15702341431320654,1.2022185222635757,-0.013203569888813771,-0.4971753017690954,-0.21459507659894062,-0.14421363576830526,-0.05922939882300726,-0.3705391551564814,-0.12447235289084357,1.6110396748742781,0.11216187278618861,-0.551906971635872,1.4463286014970835,0.9923581809572042
48,-0.37062400193373435,0.5327562829474664,0.11711902479019631,-0.07130721351751124,-0.33423852275631827,0.1764566082562995,0.13464224982221573,-0.2103070978978825,0.40223650161164937,0.2885026971304345,0.436905187711381,-0.26991712976152815,0.7996630719492099,-0.14233261960881194,-0.5361419610207223,-0.09974490919514878,-0.2040357087100917,-1.4038693708381906,1.4549083136899448
49,-0.25866180211321144,-0.14624386184463045,0.06170786958928698,0.3750205960696773,-0.2461815044022373,0.48108857851481,-0.7271284865080405,0.14118502763938068,0.37109722868180217,0.32099107799820903,-0.17256565767680332,-0.08630589787677101,-0.03441239539546004,0.21145007961681017,-0.14464965942170505,0.02885227142154445,-0.3704769862246895,-0.4776686062143858,-1.440862570032218
50,-0.13407772818765729,0.4403636870202181,0.19944561796425875,-0.7440168201842425,-0.04651136007069834,-0.26014348732138126,0.06157239867983044,-0.0908963736466708,-0.12449029818946133,0.28002853903293623,-0.2302108976384094,0.4352204741012313,-0.13344543155931188,-0.3607692225463195,0.06653817697906206,-0.02243851258544982,0.42986242350647386,-0.993249189578111,0.9479730213787185
51,-0.7428371013013448,0.09816396299286367,0.42423389767993935,-0.06054783262364705,-0.5776425168607497,0.6016805086388066,0.44409518974442364,0.12023236608851784,0.010734818828443515,-0.3427063287141072,-0.39461736380109613,-0.07497429210163142,0.1358913063953091,0.22037810637880373,-0.7765048821981546,0.02579973852243267,0.2995708865362898,-0.477269857457447,0.7916393384898717
52,-0.9344492157507309,-0.4024074301914409,0.18710943079028075,0.9283292621481394,0.04808354109160806,0.054032245048639016,-0.20207248885759466,0.2319508019968035,-0.5249114680157732,0.09161673034300133,0.2574754324102235,0.14031390020437584,2.4386387245755303,-0.2420198026100424,0.6074068784360049,0.3329462212845469,0.34950155441885933,-1.5334408573217706,-0.9248580143779366
53,0.6852347908510561,0.5135576078792781,0.04449369191173291,0.3456294834140623,-0.217145038153165,0.19664163906253496,0.0021066520321850746,0.2703956862785466,0.1833826124736957,-0.4862347825813118,-0.026344160851659026,-0.3587341749225894,0.8055630792904518,0.5279821070268222,0.31958879155679654,-0.06247254791837964,-0.35738779439501034,-0.8659881201273594,1.3112293049948534
54,-0.5727354330640537,0.07113583643991106,0.43666315886472296,-1.1517683314058056,-0.23446589625956493,-0.43321420649345743,-0.8998785225621644,0.44579426625349416,-0.010469234038582798,-0.34874791131631255,-0.030800561056465448,-0.37725932368854354,-1.5761553417980583,-0.06468923884524225,-0.24470209992844083,-0.22747862786792972,0.337313128290996,0.4998608665752835,-1.253028158353806
55,0.4902631181697279,-0.09070596325720004,0.20372344586782098,0.5988422734350456,0.4425207958114412,0.22207135603136585,0.6870894836590189,0.09626236353811457,-0.027637197280661496,0.11343322966210767,-0.10207268612036913,-0.2759863260422186,0.8451727700408824,0.11815069046207105,-0.40282242585982253,0.26438001668893474,0.4132323234957771,1.686240669435934,-1.3033001717751018
56,0.04116972485627546,0.2654901804563412,0.005134589143187984,0.1461994075173223,0.019555854322115263,0.20286419805672207,-0.24583478579428863,-0.0048846588462390095,-0.791287203946843,-0.021764563283800165,-0.23607495559464287,-0.17726518114732892,0.299658510164579,0.23211971059307723,-1.0649297399899718,-0.7076434330623051,-0.20508609166631242,1.7762517768084969,1.1081296273102472
57,-0.3713982920446348,0.35153414673829086,-0.05953077583081168,0.9364297672642667,0.18799665452433967,0.2547657383269115,0.0318195712919227,-0.2501006369033485,0.6113234804969352,0.566173783375012,-0.4429408875470573,0.2885372631778651,0.9119302575395967,0.04795953720736712,-0.3255853160677509,-0.09001607433876835,0.010662947475049922,0.8454619551117863,-0.40865497641819104
58,0.11529233465844246,0.3137509063923485,-0.19888941047775832,-0.5629239270987068,0.08104746462474388,-0.21058767938953293,0.39705154017747457,0.06971225487548605,-0.008945281051405019,0.2773651966663566,0.701123006166108,0.16409887874599027,0.7533839167344683,-0.9260625993428064,1.0676279833628746,0.1777844442832528,0.4610783234189464,-1.783616145453104,0.9682700868141252
59,-1.089590601408588,-0.45762632796751035,-0.30105971219510685,-0.3203180093685738,-0.054363138295253854,-0.4717606656493798,-0.6875301396469382,-0.19353926679780953,0.2614873411263794,-0.06801623558741454,-0.059779599392879135,-0.07582008649478444,-2.6733023326428276,0.22269345630309223,0.4320363536186038,0.6489438997870076,0.26229691142234035,-2.7768631059512305,1.5467407905196788
60,0.5129053129852732,-0.6502665891236674,0.20669560483676674,0.5619539640931093,0.3670959179606541,0.4841188465318562,0.9050813275290146,-0.15676545912354278,-0.12989935103456407,-0.13417019708610045,-0.4465021708681238,-0.3665113607591106,0.8958921221521248,-0.3351117160951391,-0.4076591267559868,0.5409247736335008,0.2948179507405757,0.16539789051900566,-2.153233176272221
61,0.2077035204242117,0.40147927368291114,0.014805275513525729,0.29195734356914294,0.17930765690995099,-0.29114248244855156,0.11833137787014891,-0.16764885016502618,0.6961376909302501,-0.5352867331935007,-0.04836479902138535,0.3916140555445424,0.4420970300762006,0.46006139300747195,-0.4170357475600577,0.2759497971780922,-0.2699836935072506,-1.7891677668260408,0.8837872636263322
62,0.16098924482182486,-0.28522422488870713,-0.33463534814461404,0.13448146900101499,-0.3005283859480947,0.12521382438330297,-1.0304543315585066,-0.0300351958598859,-0.25467166580678047,-0.1674138381390904,0.04467852470430067,-0.23529799773540105,0.991423742228041,0.11557770557812219,1.1798053000035118,-0.2668976087825401,-0.6472558553729413,0.30299946226407215,-1.3863830115124323
63,-0.6770945768161836,0.5737467929679134,-0.21649158954163816,0.5021793525338731,-0.5040316044372166,-0.5013127114998173,-0.6346683305279424,0.013095988077137743,-0.07562779991843005,0.5821735569399076,-0.02210881730868053,-0.022248472017032395,0.8147321872842879,0.2507385359084684,1.2763507606229032,-0.2189450384075844,-0.10932658608343093,1.6948251702456476,0.35451820798400213
64,-0.14406954237967806,-0.6082265009213819,0.3075547301481696,-0.3917671669757521,0.2726745674505384,-0.16985901735748854,0.9702191298570426,0.07133032533219019,0.2526933555091837,0.39530097216082183,-0.2741462521448925,0.15156910270818402,1.1918759368915062,-0.030992442639036,1.3815909692662878,-0.1530606712925069,0.05201587086531978,1.7093135946136444,-1.3923379270717513
65,-0.36883311778726924,-0.6329685049961702,-0.012187190615930543,1.4313518038870585,-0.17689465231407375,0.29517116344804917,0.49581840472597705,-0.02382436088831774,0.19350821147227837,0.27624563510628963,0.12744373867213632,0.15410809085096489,-0.3483559621337289,0.16382547376303602,1.115891290582649,-0.6916120828181178,-0.33449202869743866,1.7426307413290525,1.3350588715820306
66,-0.25183723067365094,-0.029798141794597832,-0.09967646354537552,0.9898638229952388,0.4855862277645353,-0.12215708215716559,-0.8479663428638453,-0.33660738716346783,0.061885832639702265,0.4929158444662427,-0.2061108644850771,-0.07035724282754208,-1.1577164104225037,0.45065404254231467,0.37375208377477076,0.5308157376615892,-0.44990336221625427,-0.10253841690825638,-0.6143971798616814
67,0.2521008092934558,-0.08073534614030908,-0.24623940249319354,0.28019664333652816,-0.04481746258994468,0.4498529160694913,-1.1817024714088342,-0.01538310632866935,0.17240048189680746,-0.3273298141018328,-0.31480786508175385,-0.19989403972622277,0.5229353433278625,0.3929751183957335,0.5278385107998567,0.7821951154294693,0.22284058265022022,0.5607468760238401,0.9308342285226869
68,0.6102555339066686,0.2153496286432155,-0.045417836488755636,0.008809185325293178,0.1006098419395558,-0.3982974651641258,-1.1571458983051874,0.3738251909178629,0.013972169387374223,0.13443875203715283,0.22326155256780034,0.07888227112311297,-1.6760908152772647,0.3166657687004917,-0.48702726811753205,0.10285360938696897,0.2429905229797118,-1.7416151891903393,-0.021690287938155528
69,0.19902008512453495,-0.04649299778690974,-0.2594057840241035,1.3862625287485075,-0.1951596174721475,-0.410396597193877,1.1776140133127964,0.1258134609634518,-0.15699343132266108,0.01799909067764993,-0.12484425341633099,-0.1331863786508385,1.4552933239969095,1.0891084097751267,0.3883161392509624,-0.27194477703154796,-0.5036974709858066,-0.754087902464784,0.739579763310461
70,0.4480360771861669,-0.44961413278523654,0.1584110390275577,-0.24168477749470352,0.5239677284160433,0.7050503324254338,1.024944290104357,0.07910575246491769,-0.5503791059179415,0.03731144203258996,0.6031049515548554,-0.2958426900960509,-0.299658510164579,0.19176868635997923,0.11873112048487311,-0.736584714590891,-0.11453040412931959,0.22074012615405536,0.9360432938244179
71,-0.10890228085469733,0.43461299443618184,0.14905136098881844,0.3700864044397685,-0.3166526467170967,0.5150070783602456,-1.5459576138883886,0.15387904774248273,0.11172078121146978,-0.04550197451192517,0.4152993637683986,0.10440906148817142,-0.8055630792904518,-0.3953299168374058,0.6045192638573562,-0.1598657559068366,-0.040509059029337546,1.0231493677345869,1.119735274581572
72,-0.034177763518798976,0.9194754237940783,-0.016357155816123292,0.13214346310133696,0.5671170869564692,0.12272773411112992,0.8385901387183097,-0.09090771693825683,-0.09046347136856792,0.038493599105015264,0.5598153714398251,-0.0715699221157382,1.308077341499554,-0.16918625874632953,2.0441121203426915,-0.01784644208039854,0.19556628195049575,1.3792748125822758,-1.234553565304612
73,-0.5847653725517814,-0.009821616969115432,0.018374723769634116,-0.003798037966787682,0.5156621834038639,0.21622080613671457,-0.17813703356585275,-0.027216383939792976,-0.3769055938391448,0.0919711213656802,-0.24031152388201438,-0.07625992504762191,-1.7297920299766858,-0.7738894455979937,-0.22430915341082347,0.27595256129110624,-0.146899364739149,2.096024976050451,-1.4395018212496726
74,-0.07392816699707883,-0.7456429097745492,0.01282125328448247,0.24359087136639612,0.46865681779114254,0.1535952476102307,1.441727932328063,-0.026361898227326375,-0.5129600280524009,0.49180322986504255,0.7602895967013641,-0.13287436595504776,-1.3826642093310308,0.2838021890583877,0.14864382040151547,0.6375160411082774,-0.2775544460059427,-1.789357726575945,-0.7906575073196995
75,0.12282540690508092,0.4918420638312906,0.08689013494355535,0.4941028849225928,-0.2811306584689506,0.16875400246251893,0.3630415189393066,0.007598730923469965,0.49201106660330396,-0.13335563071660594,0.0291611739455524,0.3210623542592246,-0.7533839167344683,0.4506299361531343,1.4835678957312695,-0.3895433961073236,-0.503975469368489,-0.6097644047909947,0.8965990271766957
76,-0.055740272351793685,0.7436545115896651,0.4853292186846758,-0.07865350317013586,0.1874006883685304,-0.0431848957962524,-0.04631677363760467,-0.14445483240004098,0.3713662584399051,-0.18274873966377392,0.27411946889087613,0.1941787915081168,1.034104524069984,0.4605270083374431,-0.05789006449714318,0.13086475037466005,-0.011246669386903108,-1.1642290922743506,-1.2213478655450754
77,0.10356766362347436,-0.8065330708150684,0.509775076867375,0.6029785816241544,-0.3846085602678082,0.20004124472699436,-0.35216251344277794,-0.053053152936050285,0.6041871672764909,0.5183592272651687,-0.08866891617060269,-0.18332255424912836,1.9438077465956471,-0.7186260777933442,0.17884562531517556,-0.3203091164139549,0.5030514083086306,-1.6938976456707078,-0.7978168154291039
78,0.5360370880814349,-0.051248048302818816,0.21927990986988144,1.1420854488091514,0.17571184345012814,0.3120663265787922,0.8097494879182277,-0.04605028931096555,-0.116288498691266,0.35522611093780476,0.3959341288327973,0.20147210184587028,-0.2124264686598698,0.9765590990726043,-0.2903294256518061,-0.38069344934119353,-0.5964946147755916,0.44524216178670173,1.3237390492285437
79,0.21421555039864426,0.3405728673344717,0.03796596176197564,-0.4540509234399517,0.5098149640989802,-0.05055216315480804,0.9354180418327873,0.04128250789249721,0.22771829369057883,-0.22770563889176554,-0.4629597870347433,-0.45309344405108165,-0.8660774022909123,-0.2032675973357123,1.2485107692695943,0.352384837248251,0.4211556831811296,-0.37071947118219484,-1.1491811326111225
80,0.1239426688665013,0.026390760528697932,0.5345654531650355,-0.5074020672959829,0.2723696503507691,0.430823771959445,0.0947015260419164,0.22585891260823265,-0.1983874773769969,0.1621574104836725,-0.2804047733804289,0.005793375614196794,-0.9078906915858234,0.47144533172688163,0.8246458992662831,0.38437741075926635,-0.08086987574894522,0.6348277273650247,-1.4842189221939721
81,-0.11400523434722132,-0.17457362782668007,-0.3372787757168747,-0.25804047065165214,-0.3719802027452199,-0.3001025451903456,0.43637915657856574,0.08601396348629597,-0.5385303111034103,0.4284618554730848,-0.08692707213750595,0.36055039393151445,-1.8083042731494094,0.4234549388861466,1.4273422761137917,-0.7467194484242556,-0.6133487306894705,1.1426073628332354,0.382220594348337
82,-0.49940058389181985,-0.8702108838301434,0.3859543828120944,0.04860385152616331,-0.4518719452203901,0.08855785680968653,0.13927796657890656,0.06685517351507553,0.04180021652349897,-0.04119909400369437,-0.2865309309935089,0.1422216489700019,-0.7574515996970739,-0.2585696835790934,-0.478640939600667,-0.5248618430784795,0.2788533349115099,0.8236471192200012,0.9259952869263905
83,-0.12569377712636065,0.1551341780939559,-0.2218470695081769,-0.5863949057288655,-0.47605718227711113,0.19081567568016844,1.6171921646746812,0.00830371795540552,-0.1221599532770119,-0.06554712669499807,0.2655409723886377,0.31175459011781825,-0.7324072195923259,0.23511797320494843,-0.6116520949054145,-0.5309794985209173,-0.06490275674485346,-1.7977356954108492,-1.2152266829389413
84,0.03311900717739036,-0.26673118616383196,-0.08142082718037358,0.3873294501441338,0.30488237191778333,0.049608975525971655,-0.23798131917391352,0.1299086407564749,0.16222148904854716,-0.1627324647011008,-0.7704726951149863,0.8816762794203612,-0.3070425554105123,0.3488346753091647,-0.026509193590072755,-0.4403612064867781,0.7350468973806579,-0.5004299511462191,-0.7988002945242574
85,-0.26869502201223217,0.31382545121113736,-0.36599133006846296,-0.4409179261129239,0.36128645977933793,0.07099734907631383,-1.3872593265986657,-0.017231850204224575,0.8268919177175116,0.25545740466276534,0.2513989898546596,0.06940029792236269,0.5050733350670669,0.39530163474813174,-0.74065178012847,-0.29614690077103933,0.1830645168199001,-0.6052012646173432,1.0088917659222911
86,-0.5873407332931366,-0.2192223311260939,-0.12537208589775028,1.2069910218935318,0.08230058158309017,-0.4367013697129063,-1.1264037897813886,-0.21390836221791565,0.015793875127750212,0.11398842213963967,0.0970418500915482,-0.030194418351345842,0.06019600675770409,0.2923106042145638,0.5137702731038853,0.16288381877349245,0.3889001167059263,-0.6271666238042863,-0.3815760930392278
87,0.07687286804543803,-0.1719321756675587,0.13061937438644566,0.60763096526179,-0.158244496066831,-0.3896604853199732,-0.3860390063131023,0.04143205956281282,0.20580314189163218,-0.22706672966407115,-0.23541468626389506,-0.18296783831657226,1.077670675556651,0.8712246838012825,0.6341116244372742,0.3915026322881623,0.36229727097288533,0.9865597730407059,0.8972659433951868
88,0.08580778909117193,-0.06656759546637403,0.02446639285383556,0.3814079918285742,0.12381779560763295,-0.3858036066183228,0.352738884984527,-0.15825777941432495,0.4070441044159354,0.3432761084177276,-0.5641309808612247,0.3886223285194439,0.13589130639530733,0.3108837130132551,0.46683492337031574,-0.30706417206958925,0.20964199013936602,-0.22837010235997024,-1.8152205495021994
89,0.2266011298307573,-0.10300094484882827,0.4764911164790542,-0.043536018803694176,0.0996975480488298,-0.3479510016735823,1.1125049460958332,-0.06193827152266307,-0.23140201748456146,0.02346511478810598,-0.15451575472006063,-0.03806147011858618,-0.09659457703119134,0.072484082193915,0.7523205697846116,0.5510659774766316,-1.0852013332187966,-2.6053037911883665,0.9189895459404207
90,0.2647118956278023,0.2143725484269563,0.31453762471271807,-0.8801778079278604,0.33188181460275556,-0.3502997910904311,-0.32381225772574584,0.07108380630313738,-0.4228376336732511,0.3242809907379005,-0.2681057146557455,0.11152166189785717,0.45526185003054387,-0.5866380190101816,0.06271113024341801,0.6003869178164276,0.2861020702146355,2.5748610908109644,-0.3906882500731914
91,-0.10764333073883314,-0.03122310794718519,-0.09670011569147974,-0.06734554599481601,0.198338447217556,-0.8484004115696546,-0.5842977637497437,0.2988809148986302,-0.04272560447661533,-0.3505325317913721,-0.23091752597417425,0.14555480954655486,1.07767067555665,-0.2934995855986,-0.7541106218262525,0.392452313256741,0.5063893588675143,0.7186950612021743,-0.8171366018654922
92,-0.17019236656594217,0.3020259156081604,-0.46848422743013707,0.5629266670877069,0.1285988392520534,-0.5007507649105585,-0.35306551217039495,0.4727088206475889,-0.10817860481798647,0.17261700526762436,-0.0933405089313224,-0.1676691060739195,-1.5233126690630208,0.5696979169177445,0.8103941100968708,0.2126665965724328,0.26205935889005216,0.6686019434900032,-0.06751106753065272
93,0.1120896917368217,-0.37474643719967293,0.19604120501897082,-0.17170491232735685,0.23682725191284026,0.38609376219573033,0.8087324064059906,0.091856521213185,-0.042737050814857014,-0.22518079605537,-0.04545919707238788,0.012750359846487314,0.712515442568117,-0.06821334264102186,-0.13399469496353866,-0.33500875995912427,-0.6759252213837881,-1.869959504472214,-0.618857807658058
94,-0.10781592711003096,-0.21090788392901239,-0.11805348056966114,-1.968153695994026,0.6405627657728288,0.04562550941823851,-0.007463325808268806,-0.1173373083473539,0.5157438660486395,-0.21881357029299497,-0.058535497707325135,-0.22796978908141297,1.823665275510054,-0.7839739294569759,0.6284803253582654,0.2604494769063521,0.21732711454833975,1.4247584650545067,0.6820742798935182
95,0.161509722447855,0.05206338882412709,-0.36526382517489875,0.04342711319812409,-0.4406527048294753,0.31205694554151986,0.1761498859214452,0.17132988795737125,0.5531574108658193,0.014117461614306492,0.01973099370487219,0.3441048710984438,-0.8958921221521248,-0.39769658864218815,0.18809357626928236,0.19439552952712713,0.08726623457143745,0.2784357452278243,-0.992482038799154
96,0.33785020825892786,-0.3257463372310001,0.08822023128290324,-0.19804960291323237,0.08474530151330173,0.022058170833942903,0.7323935812667752,-0.27943795768443414,-0.23804352710665633,-0.3586024788656337,0.10519261651104284,-0.21613456434802014,-1.3736793834528642,0.12956656755578777,1.4272837003436418,0.23230087361570995,-0.19549821134899892,-1.8455941182299167,-0.6337972628853779
97,-0.034203518962137025,0.16797049553608812,0.4282657498547455,1.4512965015541806,-0.38350701707138324,0.01556043594672829,-0.9759348070984784,-0.08247557885652945,-0.027292166383211303,0.4660746605066506,0.30353222453880324,-0.5704621539303192,-0.9914237422280401,-0.07845923338053806,0.6538718078335481,-0.037105337474731215,-0.20802411646994567,-2.249545405686642,1.0615903013080272
98,0.06210448197109475,-0.7203385431001603,0.27484001619163356,-0.12062306724963534,0.18230308369238557,0.38497183421381154,0.5601498878853608,0.29792867835725545,-0.20003425877608194,-0.019747223322093,-0.1401251069201921,-0.0061694208158615815,0.04898540897236181,-0.4105606972726825,0.39218728648644685,-0.17047713923371344,0.5646165775214151,0.8762930145714707,2.3374818798412287
99,0.6542162867031998,0.2520683497682388,-0.15242012026174567,-0.6490684228207115,0.016568628361794513,0.5421918172850155,-0.1749405640283932,0.11571241101331076,-0.3854118508913329,0.008226683568005377,-0.13727459551341248,-0.5251845954447987,0.46043547522996153,-1.1287498596815158,0.795565342802945,0.06842161439846617,0.001560095732584088,0.15471913041410978,0.33464957406395346
100,-0.05387183166937337,0.2703114738410015,0.24971929620697386,1.326050913273252,-0.7468550029124459,0.07977624249036275,0.5624040579652965,-0.2323773032822558,0.06217747212608682,-0.1604413879102511,0.3319687981229986,0.19815080171471378,-0.10473707351795447,0.4428885668636098,1.0763511583767942,-0.5952339345922386,0.4972887975501137,-0.39125869549067893,-0.7367480463507166
101,0.10044020412213328,0.07703662823929402,-0.19690011752686498,1.1433058391454622,-0.13431338358452338,-0.16817613993900382,-0.6637720558201403,0.10367642554383671,0.04264545083574589,0.04748136681198023,0.2547746974013867,0.1599061495673917,1.676090815277263,0.43105809512825877,-0.7672580021407018,-0.3731196185890484,0.2623600708891849,-1.712876986113045,-0.3901882211636316
102,-0.17687573419150393,0.44375371819565235,0.21873567646982695,-1.0351758600487697,-0.6122205666818976,0.26957208574774594,0.10699134387175135,0.22073019761979884,0.42792522611118233,-0.3317332750115831,-0.46689975930689354,-0.14510510420717093,0.4420970300762006,-0.3102243553582009,-1.1643660435983394,0.03299899768546144,-0.2778555554678661,-1.0468478823220408,0.7579287314432595
103,-0.2162119381767802,0.5789619196643461,0.5614808158980003,-0.14185439895237284,0.4689697794928862,0.5103065019066229,-0.2868670585157087,-0.051175550879512866,-0.540529907137917,-0.0003375226631625594,0.06494652711435567,0.08820526693957387,0.5050733350670678,0.016517708883152515,-1.4074978895614274,0.3973184722042067,0.27189273935367275,-1.6852058940103714,-1.581169062589808
104,0.040761690215078694,0.5450804574609505,-0.36477579510818403,-0.24181635171992255,-0.3715796318627387,0.199676649512885,0.7282606618108165,-0.05982911592095652,0.214535062462188,-0.1907708134358197,0.014766081137451259,-0.3171708949315466,1.1577164104225064,0.17727463579633795,0.34576476071348416,-0.2447150503478941,0.4404698222686432,2.3614079190647663,1.6154621689433846
105,0.1467841404322643,-0.1124041819984809,-0.426935841162031,-0.1922068596253279,0.10521700442700865,0.10141415448955193,-0.7178750256398247,-0.1602268233437365,0.007556873906160888,0.1482074639198352,0.07146208139688692,0.6391065781001988,1.077670675556651,-0.18379806795682052,-0.5206625915463876,0.3557944177064636,0.05476105995162772,-0.8965890358307327,1.1339873294115774
106,-0.49994995645490015,0.22439997258911681,-0.5451333027801271,0.08802400216039619,-0.3474686227343584,-0.29836154164818485,-0.4916603422083945,0.13516976356403454,0.518027131715507,0.28327719399482376,-0.2559669519992269,-0.03497817105921541,0.13589130639530733,-0.2660062527657332,0.8316706419890467,-0.008146923053800492,0.5487099397088571,-0.33904865136391216,0.40975558618938646
107,-0.08884592726460827,0.13264005613944185,-0.3682038886443655,-1.3498626039721628,0.020991754317423617,0.00906988658424046,-0.6499385724164783,0.4774752131378528,-0.44731785277289404,0.2698899988155681,-0.09853588644268019,0.029000520469390167,2.053284398022959,0.02640193243560862,0.7617796454257952,0.10025578143733682,0.3969807670960197,0.23077889371162108,2.3324790107167788
108,0.043729219933791974,-0.47268711707769384,0.018133383739600717,1.1234500371307776,-0.3309569133385426,0.20566519552223816,0.9002285027236967,-0.04451451010214447,0.3789106722858504,0.2643293359021319,0.2647725770150027,0.1370421727217499,-1.4319094921823865,-0.25448126465738774,0.4095923580420582,0.2342341810570021,0.24479229799599933,1.9906507918887204,1.0626780198462447
109,-0.19588744771597089,0.49290204413650685,0.012907881811828226,1.8242506480352452,0.1964760495721296,-0.33244890040851427,0.1603666244479216,-0.12630734775975627,-0.36565892495604935,0.0520450050446728,0.006867844372003162,-0.02032671489644855,-0.7923124478300929,0.5277860868952953,-0.42548580057032215,-0.265247519665504,0.12470952385324496,0.4567384528928473,-1.1881287587180722
110,0.09153084447377857,0.48325605115559434,-0.21353673533764495,0.9439013641552405,-0.39564143603224977,-0.3748471369294073,-0.6218587043554535,0.02641352282501419,-0.4701074977625881,-0.3458108827902038,0.038771350864276855,-0.24567121033400197,0.991423742228041,0.6696234479907881,-0.5193536720659155,-0.01203496612557231,0.1934546257731915,-0.9038517804125563,0.8531435927433249
111,-0.7301965129270211,-0.5947587145171491,0.07519545883780054,0.9886608305560447,-0.10557328979741376,0.17058696794140982,0.053421858473229555,0.11062340082009214,0.7399718207001831,-0.022636020314275918,-0.5024665751361788,-0.23427161330580049,0.505073335067066,-0.3642568838150133,1.0792693194069063,0.5768257400731072,-0.418775044772671,0.15565774380462116,0.9494322704331637
112,-0.35780173259297143,0.8524903123464407,-0.00888603850456926,0.9983846453479401,0.41930551411057726,-0.10563851897962762,-0.7613131059038203,0.16807535877028768,0.25464750908358447,0.04672429944337164,-0.8478038285769083,0.305917970768824,0.9970080564361528,0.34787169184712496,-1.5539001167282311,-0.09447801703952496,-0.12130541018031504,-1.3744065375929138,1.0365323503341788
113,-0.6428105331308238,0.20971799085685028,0.25709228932180483,1.3198968370042925,0.2027387732672734,-0.276203944369132,1.6039442044995074,0.2939547418312607,-0.11334917350111606,-0.2500456972659588,-0.0846256777945662,0.29743994253408923,0.7580515643313941,-0.10755099094661169,0.12051310038623075,0.7335543119730854,0.20875816983146311,0.9731555925028639,1.5209209291919015
114,-0.23450641114439108,0.1206687362027612,0.16611338664772912,-0.7335384105812262,0.16373619938673167,0.050254576587037025,-0.3351582676066869,0.12461893137200786,-0.34820797054784247,-0.29271744070522576,0.14108848692656295,0.3874735014815758,-1.0850706132202532,-0.7134681845991167,-0.8934250630019065,-0.9109122372827541,0.24569526586910717,-0.19471563897228528,-0.8552746579624362
115,0.11825365609690408,-0.4316843135826245,-0.16875393398917593,-0.14745798739916882,-0.03878522496493675,0.16953624097087072,-0.06403980308865265,-0.1909334143707273,-0.010331023246764381,-0.0015385048639595666,-0.10990925173761834,-0.17809852524339398,0.7923124478300929,0.6888248443495595,0.292872840378684,-0.1596058856936997,0.5731094603207012,-2.4007705530294183,0.5863314163215501
116,-1.0385615041314233,0.38602936829923173,0.0011321432488236027,0.44372290620889476,-0.10804466424977077,-0.5144949002879717,-0.7064024067010459,0.2909751913635632,-0.4921008030957079,-0.2579470038364109,0.2529098192333734,-0.14803720119782815,-1.1880707377808726,-0.354043333768868,-0.27372830416252647,0.18517853344220825,-0.6361841909571897,1.2120316392413084,0.7096450323720394
117,-0.3324672202927328,-0.024814806082838814,-0.016024960210733408,-0.4142575851626429,0.004439833144253225,0.8818164957772514,-0.7450445826995482,0.09974898948978428,0.20353715678869388,-0.41372202794792035,-0.37268822559474746,-0.33075983384466445,0.3483559621337271,0.8449878948581961,0.5775265952963702,0.8851518368727573,-0.004349721356970981,-0.10393907862972007,1.3478833378640411
118,0.2617477537742836,0.18895306079134766,0.20702565364048198,1.123052964707897,-0.18868903164072082,-0.5434482963452729,1.523378020787181,-0.23268788385326067,0.0990473188712393,0.44308403611402625,-0.05155591531057446,0.030114571431043125,-0.7996630719492099,0.46237629082191356,0.5499757680413202,-0.6970792217385702,-0.5877405481660669,-0.8461897652764572,-0.6240506318385357
119,0.6480678901610641,0.4945212397192602,0.0049721643015310235,-1.4814738757023838,-0.04923887550091122,-0.21113842301612307,1.5303646781054736,-0.031021190977809532,-0.02580427016373843,0.10330329362100166,-0.4214997277386825,0.5253008402210462,-0.7923124478300929,-0.4523725424583245,-0.7998423437355067,-0.42886652216808674,0.1371298314367415,1.2435520185509041,0.5319859852571058
120,-0.6793762557157121,-0.3910199652411359,0.024072718481500388,1.583844994126486,0.39139432008316843,0.2947053600813021,-0.20311867519249738,-0.033676729752830425,-0.09585285262525556,0.01290115595982666,0.1932907586465582,-0.04685708693619084,0.23789029607421686,0.29486858449984465,0.20658497239495244,-0.04589840457806549,-0.12912231809201558,1.7522979941206245,-1.4625165598165948
121,0.7850490324013899,0.17600974128714597,-0.1525379721061375,-1.1340141997994984,0.05653727011452636,-0.007179648779239933,1.0061980512624116,0.2942017490811306,0.24143727618113875,0.1466773486119335,-0.16736068183146102,0.19618690789221072,0.10473707351795536,-0.13311565951979354,-0.27950560416459513,-0.04615249798875176,-0.37088473484549755,0.6502835195738097,1.116943876122943
122,1.0731971422806632,-0.15602120568200295,-0.06882251699295505,0.8730123675859671,0.17556946151851482,0.06871606197489699,-1.1416559355178668,0.29237033637844734,0.6437555504101802,-0.3446752248307714,-0.2829452332130167,0.358695780738,-0.5229353433278634,1.020201556695869,0.28325265914425035,0.687968624654606,0.26290488749902163,1.295273060509155,-1.5452639539172512
123,-0.3121645312731909,0.3259055130284132,-0.33772882721274966,0.7759351516851574,-0.36583740090235173,-0.39900775791220733,-0.39776723782900536,0.14101348972895922,0.1771354710849078,-0.12279944053343606,0.5066943025501196,0.09333164841617503,-0.6510338853647468,-0.07895265749924985,0.8523969442729351,-0.05594441967264707,0.4470095176502906,0.9780607730310109,1.2080009543386385
124,-0.11672476079411709,0.30856219580347766,0.0984105562599682,-0.5391542133604981,0.4161038495517353,-0.28954598146453936,1.2293037240277362,-0.23633420845435005,-0.07721451420631276,0.24089286193604575,0.5471990957566444,-0.03033111886119766,-0.7324072195923259,-0.41384946416902846,0.4356730187848932,-0.2746822858240696,-0.25681627026268794,0.409027322144607,1.0901328154287215
125,-0.2594066643108608,0.1757083740072245,0.1260367732607519,0.8083911790552261,0.8043779971163283,-0.8494748275745936,-0.26610285224748775,-0.02629154134127365,-0.23306882698365605,-0.21123128983632977,0.2202310631481721,0.15719007996532408,-0.6551424153729384,-0.9110769843567499,-0.8841700713162872,0.1138362205994401,0.6530124067225396,-1.7277920680048213,0.5747741538284075
126,0.047919179199186424,0.26413328150126425,0.20266017352277332,-0.6585306901427375,-0.31808981959964644,0.16571611724118496,-0.26034468328087,0.042014229257219426,0.17527790966673873,0.3114308897999596,-0.10241178222285718,-0.056469429661637704,-0.16725729552517166,0.33516981694775616,0.8212787216286372,0.6332334440284075,0.1462550178411317,-0.8440666517626871,1.4653527246559124
127,-0.3157122209810215,-0.2515907408806992,0.21187084080656016,-0.14668276231526445,-0.7054816127878674,0.7317723261976248,-0.9998704457887655,-0.3479668399315883,-0.15848476089471042,0.1591516899105052,0.009651613347742227,-0.3666473824624643,1.2235842378144826,1.1346898418923574,0.07473668683812562,0.3407397321916541,0.1652214907525673,-1.603282611835346,-2.0395177318285107
128,0.16061228217786638,-0.3542564528491683,-0.2888144703571096,0.5883359619149173,-0.05627962502527817,-0.022751072991026966,-0.5088541349994449,-0.07088951006460587,-0.15850695663796532,-0.3417216460719672,0.08144805706384428,0.2956992318226681,0.5050733350670669,-0.13974105549270188,-0.5037944473342622,0.3797790359972275,-0.49404030766554596,1.9201832002659547,-1.6965220208410932
129,-0.10916216210968788,0.18140801992615696,0.18219094008922676,-0.10594421976716006,0.5414975487293123,-0.12951333195917947,-0.20779871186782017,-0.08693631468315521,-0.25648489560033383,-0.007145404366837305,0.29190770321246884,-0.06969855010608983,0.6580239936810814,-0.4658919264447592,0.7051827636755101,-0.09467600937938858,-0.261313701918124,0.2110050047259282,-1.608225156398671
130,0.4175963976246537,0.36660935441730746,0.27754394413063066,-0.9251763975707625,-0.4728584570660237,0.3274602175489272,0.4943168681869059,0.21294031247938383,0.2454671243803741,0.018103925261325315,0.05155984039985739,0.006898165065037709,-0.9078906915858242,0.15942069248592627,1.0246205605871097,-0.8249531587028658,-0.10831566215588673,-1.0945584502171775,-1.270379854671721
131,-0.1826615970615011,-0.36905059797442696,-0.17903740777345112,0.12058772742788904,-0.20169868984894102,-0.5031148949834927,0.31192470732147104,0.027313263371781638,0.016431980186438544,0.05460168459622494,-0.16350158923065017,0.014973146993333408,0.7125154425681162,0.195656438128184,0.40460107899668873,0.28887763512362064,0.6024852870081112,0.4123788203267029,-1.6382988017114313
132,0.5248130109709077,-0.5904041246232383,-0.37946698858781636,-1.3140084874509537,-0.3631557959461005,0.03624922211917658,0.8078179154409781,0.16991319415232997,-0.16326717160150928,0.07365014530060865,0.14085281742919165,0.12277297601543724,0.5229031109867393,-0.07538570082287466,1.0078154537825448,-0.16660167381149904,0.013647636034322286,-0.03910941547642288,0.9590587229916521
133,-0.3402790958913622,0.11414337545269948,0.1568726085351324,-0.4652853743018417,0.31526627639373217,0.19917555454092328,0.8037971939765551,-0.07291782181442086,-0.7184998492322379,-0.043419915688206245,-0.38813831691147893,-0.11275025964263818,-0.5608744057932542,-0.646531507799688,0.3759226587102624,0.4221632677703706,-0.34363604780395995,1.5266473012803576,1.6888544175814317
134,0.7224451264630938,-0.1313954347218953,-0.4085852777295145,-0.4390055217132902,-0.46678146220590566,0.012368836409326178,-0.08935722620121656,0.2010881601010639,-0.508711046449303,0.41783135567213625,-0.39247008119901405,0.05317457142819215,-2.4134641871702947,0.09745310211767633,-0.3923767664222755,-0.011444112759407155,0.022246548171285685,0.02071506271504653,1.5104938384074877
135,-0.5735826042622048,0.10089516186303893,0.11268009656500899,0.7180682111594452,0.13600775054812342,0.3002161267249033,-0.16382015392881755,0.23678648642327893,0.1379163451254568,-0.042160889562391723,-0.40101278168516696,0.24490493457818197,0.6580239936810823,0.2594227404873344,0.0014639853989555363,0.8978141244591935,0.0868668843678373,1.6471527798907717,0.8512287497957063
136,-0.4434577398779105,0.45131328135169557,0.3354358595052336,0.15643501282543948,0.26674976781088056,0.6069092603461095,-0.16969040514607414,-0.0843632991389267,0.33374780115232294,-0.08034065779007271,-0.7707740781404477,0.01333540203627459,-2.618596862290529,0.6235627060846562,1.3078349004084,-0.1963693360453025,-0.23527566381000353,-1.041833893837543,-0.07717740748343438
137,0.5808342045800341,0.36017536507698544,-0.19839809379211548,0.0913923394211178,0.008257041893898087,0.19866278951039762,0.19038767361202158,-0.2642659135878187,-0.017720911604765632,0.2689534344490818,-0.21857508410018234,-0.10293635018698444,0.46488322559088324,0.016234739640313745,0.5794316615533708,-0.3017787599412909,-0.3810663903224434,1.450380080559862,-0.9764224813914977
138,-0.626680507462531,-0.5510631044803045,-0.4731461694994601,-0.9750748712569539,0.2677777840371318,0.5398569643940556,0.7344176532066253,-0.1884824384260111,-0.556280942479126,0.39480539791992,-0.34698828390209524,-0.5627192573794395,-1.3080773414995548,-0.6132948989357949,0.7151621343996393,-0.3742990070628256,-0.6743689071529313,1.9766278530747403,-0.35470132704832036
139,-0.058909660935739794,-0.14886201963126844,-0.08129320903459059,0.6104421762331755,0.43554438107834414,-0.39676486915750564,-0.06688012078342265,0.09200921272312268,-0.16314728059203443,0.26077318834886665,-0.2812335532829584,0.2782576199307991,-1.9752142797095038,0.7088220172295854,1.4878394403385578,-0.012460703705934328,0.5277528737476387,-0.2822418867650436,-1.7387541603934196
140,0.0473716949570111,0.3090750753155671,-0.10311229543596134,-0.4542126796573305,0.25206613519265364,0.3051664315439835,0.45222705682098674,-0.24341064207338192,-0.1792687024593027,0.7650236291537564,-0.2813010727096037,-0.7088108600383127,-1.0589808801463114,0.0357739983414862,1.234517313039663,0.20343944130013103,-0.7153679070395338,2.438322877013742,0.7388018779827776
141,-0.03557776259123013,-0.44725386632428066,0.2062131273804262,1.248116592721038,-0.14509562361492367,-0.9093611827140364,-0.25691232905712713,0.10346476929161907,0.14602815563792682,-0.4823008495593988,0.2773043250363969,0.3847820643578155,-1.9438077465956471,0.3250992818965841,0.3564718682644319,0.9031128450251371,-0.13051860245263924,-2.6597329642196357,-0.40509522866010617
142,0.0670046670256399,0.08316865502913906,-0.5576546390170636,0.5194923416511319,-0.12167660518492429,-0.6109428531170056,-0.022280490687784926,-0.059769339012279765,0.03649712750215972,-0.3862176417227534,0.31796967671057796,0.05211499177788248,1.135028759947443,-0.027062937299432654,0.12296964863587867,-0.35051192208990667,0.16515632183265527,0.555375621118543,0.49908699681686386
143,0.2431139481578244,-0.28307826197243635,0.10862818061523516,0.718745808064809,-0.2850546274427148,-0.157038628964421,-0.9653374937322008,0.17632862387017134,-0.6371056309234033,0.10192197644504652,-0.642214610221556,-0.02818397043290899,0.299658510164579,0.39226528047419595,0.005996316150167047,-0.4759209492442782,-0.15843121868465593,-0.9414800435226525,0.8585597203687891
144,0.10708685356652037,-0.006353267089639125,0.29756939120619474,0.6683100197216394,0.15576323271590775,0.1339299515741459,0.3810551835731184,0.21365702810478426,0.5670670573937082,-0.07722653587229722,0.280847840094383,-0.49318499079263445,0.3787461622416446,0.9029434057934798,0.5357476023117611,0.5906748061655369,0.11382207491949892,0.22577823330966318,-0.6716121818509437
145,-0.28947008223333537,-0.22100797663575822,-0.24044404856792267,1.0257304908121405,-0.07146975419298363,0.23218493750780356,0.40371150849485815,-0.01003993733488695,-0.1863067085065131,0.19275196021886565,-0.04567416477133612,-0.5912020037678087,1.058980880146314,0.473930927774294,0.6928045502664251,0.08340792748175829,0.14741797471861195,2.2995438904857837,0.9687489185147138
146,-0.08418545181694714,0.14404177363227788,-0.29160679557315117,-0.11322993340673104,-0.16661533711969856,0.13616023061991545,-0.49669570977859756,0.14871939874697038,-0.7787607675413577,0.03480355613873165,0.41978260331528183,0.08583025039021752,0.5307006223390678,0.42007949695570357,-0.30475471738171755,0.5049314614436309,0.621718342842422,1.1687473289283004,1.2478573545767917
147,-0.16707154519459166,0.9031307707094074,-0.27006184384843435,1.2529179906150203,-0.4400097321024181,-0.05762919831925917,0.33331757616675795,0.03970325732300273,-0.18767587586050283,0.41432834043096634,0.24115834244601952,0.0548508013237079,0.5307006223390678,0.3379876450816375,-0.5151852124150862,-0.4772986414790745,0.13845150841500553,-1.204925755306352,-0.34709807770898227
148,0.44138819720934386,-0.3131416244201102,-0.3145189311978931,1.1342216023214027,-0.5648903665123952,0.1420487521365268,-0.36854555861280947,0.06661733926847901,-0.43876076634964356,-0.00871014923476121,-0.07827718685218343,0.2717751192459379,-0.4814696713171278,-0.727891016514199,1.5311897399845948,-0.04950576076956281,0.5838100724919855,1.0900368382685004,0.8094838486359803
149,0.00043124465311272786,-0.010605186512395726,0.41520108611573203,-0.9069191731039465,0.24030356816992704,0.16371207369187246,1.2474655003136554,-0.03347535034131299,-0.36059436111236387,-0.517159563466576,-0.30752130054163285,-0.2824327414214949,0.9400334218440589,0.0695758682889367,0.9445015325925743,0.282878817228565,-0.44398806195045726,0.27048759938930544,0.7460585673363465
150,0.7107794186508842,0.08420683192545209,-0.053146669221633136,-0.6016271078106588,0.30971846954349935,0.6792228532867775,0.14209212060968746,0.04617084722366016,-0.6630887298789689,-0.01763961813709347,-0.21840712071134938,-0.41633769482058325,-0.3787461622416446,-0.11206548176896192,-0.840231006786313,-0.6469299209891624,-0.18525813772490762,1.3389555806330717,-0.3382018355315015
151,0.3426636008078905,0.3510081674769925,-0.17449228802647188,0.48538730764056925,-0.057304251486348434,-0.029382726169599138,0.016438453356784954,0.016698195255471227,0.15369809382455735,-0.015468568385942127,0.25203894204849764,-0.18894662369086124,-0.7562625282566566,0.6197492139967866,0.504409852811774,0.08718896146300104,0.283032298278596,-0.48484257465766056,1.8519999594389027
152,-0.47599935842244356,0.40002921709140704,-0.05215626260191719,0.20624668600428642,-0.06714498670446689,-0.005263120146577371,0.7105613918136378,-0.21693956149061266,0.5633000871615117,-0.39302238207464946,0.30656547306764725,-0.3004837328425394,0.09659457703119223,0.01986414343397591,-0.921637470770432,0.5359875107099255,-0.20038021159627384,1.7238754351814087,0.3741778994443825
153,-0.7396323121525477,-0.4655208364002448,-0.21377791753269815,1.2757282301318575,0.3711508877048981,0.6540462830308851,0.20969649109078414,0.37238835267371506,0.12147890486084467,-0.198677776652759,0.5129729006822838,-0.2566503418270032,1.7054543612990072,0.10605181133731545,0.8480665540102912,0.20464165091796716,0.2571219994051934,-1.8503374137282709,-0.5120575363657007
154,-0.20508299923119555,-0.720124462463497,0.1877571260094908,0.9652298761065383,-0.283607014731464,-0.5157975483923742,-0.2913887171738665,-0.2416285633078723,0.14881160688038797,0.16675072613172048,0.09197972105342789,0.5710554358592645,1.409659615590333,-0.15093242053729172,-0.924370746808842,0.42686714451263974,0.8112315621103336,-0.6111477753128467,0.39844457453441784
155,-0.3972871443244461,0.6363311690881206,-0.4282218985681423,-0.8604115369388028,0.5433549556531956,-0.36249541113199335,-0.7875602222622051,-0.24023723148259934,-0.5170231798019875,0.03280207434807281,-0.09820946150636889,-0.15396241003000766,0.16725729552517166,0.5538747417347709,-1.7941142226123947,0.38617630197740294,0.7189542182023119,0.8842965292254839,1.890584663225555
156,0.6029946940629491,-0.519879841388132,-0.012214622898760297,-0.8409800976286208,-0.5812423259644315,-0.4363347485458626,0.6515215901777411,-0.08012879478280688,0.5911631199795462,-0.3938807887215141,-0.47509221566971416,0.03534278450266415,0.35670082577104445,-0.4482043509020164,0.015348909135584066,-0.0700144770401181,-0.32320370299197254,-1.1062312796128664,-0.5306832817477183
157,0.23673687141673394,0.1421055957993671,-0.04198909377532045,-0.8678727708544072,-0.42886562294283914,-0.25289320864771403,0.5986529346781406,-0.28475565526705626,0.40286277820316574,0.30964467316314526,-0.22799561094739218,-0.051097073316041186,-0.299658510164579,-0.31371784408334324,-0.14188467454895992,0.18724729895164405,0.7172290432967747,0.3879417029412666,-0.4259438663888586
158,0.152538356466418,0.8783799952441145,0.28185514208708806,0.6839488650580456,0.41597153263422904,-0.035927839109719084,0.11141613666242645,0.2677746049796714,0.05944511936600527,0.4193346654146888,0.11424297113731008,-0.23523177625457858,0.2775899181950008,-0.10195159200568504,-0.7996657911491036,0.40780810078623553,-0.31698968998480304,-0.8037101117013599,-0.8960001672961528
159,0.3280465130728176,-0.039003723988070504,-0.09518665500017454,-0.5156900445976333,0.24281559183061363,-0.12522726852280375,-0.934199265018135,0.09554288523286836,-0.02499509651984244,-0.29811120813794645,0.014564694970895076,0.19179652020873483,-0.22720948065465052,0.25006847571597746,0.3600342930483684,0.6210946022309018,-1.231148326837407,-2.472923325382898,-1.3846431345998917
160,0.33699174712444346,0.8919749793754095,-0.3519164467705287,0.09622264133053715,-0.006326134251092519,0.12963482385934144,-0.038049676066659543,-0.43129674498411497,-0.10625934928409819,0.01974332329642614,0.17483287153291638,0.11123758772291703,-0.712515442568117,-0.5025101861284416,-0.7512519684897088,-0.6318160465312843,0.7149234040454733,-0.042549206027574726,1.0656063179925406
161,0.10855034265050634,-0.16403044412202128,0.09659008440921646,0.39090842788397406,0.38505949058805466,1.114438989118296,-0.102856616861982,-0.08517776682184675,-0.13432318127063958,-0.33056221005777253,0.15877754943998568,0.0540694872543912,-0.34310167547795434,0.4312767241913571,-0.2526781765253352,0.14492770451274328,0.42866379088092055,-1.3349200794944007,-0.7627239157937682
162,0.7606965254562548,-0.6095728032543164,0.39081061031174036,-0.34030522733179946,-0.38159503817890394,-0.039472392787456734,0.23952216628121104,-0.3041557185746977,-0.11251565674847974,-0.1458793809345762,0.09468332562795378,0.675341440145456,-0.9971813031100751,0.5264997992609932,-0.7565186263849517,-0.26631146652281856,-0.13487972472185872,-0.8481377300751962,1.6424735829540387
163,-0.06271543387099054,-0.4539862220876669,-0.2984946232579673,0.28597241668731943,0.03165228305978163,-0.44153413635953287,0.2411361747687657,-0.09502577421498026,0.2760225808804666,0.03639935811671524,0.050423757430309024,0.2962525190023242,1.823665275510054,0.12013446914388748,0.2775529258000091,0.6077875249646336,-0.03675513686012266,-0.16060827994671278,1.0577627401895722
164,0.023748784243639243,-0.12004035875420271,0.2992716523589567,-0.618103737328644,0.26070021933075394,0.6164898863634529,-0.8937916269575945,-0.04918786922936125,0.193502586977373,0.23376815768667214,0.1776203970999175,-0.16532103387895347,1.2235842378144826,-0.30023486451474213,-1.0113833069963372,-0.6474149248832308,0.646780113810487,1.027519945300047,-1.2043073277317262
165,0.04051822399255567,0.28147784417726474,-0.5799166349773133,0.7410606313321964,-0.12053466332938667,0.24483076149519345,0.243979178780938,0.017057606847084017,0.1565171287002256,0.20075831000442346,-0.26013198080831135,-0.31688976676618186,-0.7533839167344683,0.17131448901797253,-1.718920613567752,0.4266048164160905,0.5342965687984016,-0.09899987975041391,-1.3572742749524158
166,0.11488609633627433,-0.7785201501043515,0.1274564552161297,-0.048854887788794876,0.21428674725329655,0.17381257146032159,-0.21212982189052187,-0.0006236791851566004,0.34219955557806614,-0.5647719537920342,0.35262240908851616,0.15208814686773087,0.18095403683278555,0.0794666024286994,-1.1705852647213142,-1.0750287338686109,-0.9426217816086941,-1.2920233282228208,1.2675708919059945
167,-0.7593864510288357,1.159074602383388,-0.4921098007758222,0.4777131772491874,-0.34393521951902795,0.02567953576875892,0.17861899944817416,0.02332303988403206,-0.46624920916841006,0.19926679820595883,0.2789695638627121,0.13505159637236064,1.135028759947442,0.7112155740641839,-0.9542311813920161,-0.050212540443119735,-0.2993236613536028,1.4064672101962241,0.522815304469642
168,0.22261269917890125,0.12021030147241962,-0.16504066494158698,-0.33821753580966885,-0.20437748586510462,-0.07285188521639219,-0.2397308454746998,0.026379167075894827,0.6008777576829454,0.30157583069193716,-0.9045302349096778,-0.32517475074129054,-0.8660774022909123,0.08463210697062573,-0.6422783471337405,0.8751663608785956,0.08056645748635827,1.0721214663318346,0.5849564256590449
169,0.7545555203316452,-0.4065605392368221,-0.13793005251053003,-0.36563163231234963,-0.4564606223200891,0.4546675345099298,0.5271415870334417,0.017296672732557195,0.16901264297267815,-0.00850068008689675,-0.08270190105477049,0.26041697586917456,0.10473707351795447,-0.5457923689636468,0.27384972833836496,0.32041954866659417,-0.12170404864638851,-0.8513547767586944,-0.6121207871180427
170,-0.10824406283429244,-0.05681712598330346,-0.008521636709476255,-0.17189290071030427,-0.2608735908099642,0.2982140047321056,-0.25064189801768677,0.05304554456194177,-0.23054592718801814,0.13539721054601017,0.352103620932934,-0.2790644199815726,0.04898540897236181,-0.3811801130102821,-0.697245937141493,-0.7162329916521548,0.021282904245322865,-0.28752923564781874,-0.9416926038773088
171,0.2010979288116479,-0.5228833470500645,-0.40942322994959524,-0.3432338286149932,0.23567195219092607,-0.01850586966788903,-0.5139972182044925,-0.10227479886151869,0.8349723745610858,0.3689550035081153,-0.2518338757082228,-0.0853451694359122,-0.34835596213372977,-0.09434171385121548,-0.2080508769119369,0.6046260410443072,0.08398060885080216,-1.0796601927952567,-1.5614976986843416
172,0.31744957388163897,-0.13265437822946602,-0.029477035042209998,-0.010001050189115013,-0.5818136274123895,-0.4564561587364997,-0.702398543170661,0.02763078915534889,-0.5399619680529932,-0.0637380404410921,0.6967086901415782,0.1459742493368883,0.299658510164579,0.22619028233437932,0.20380051260383958,0.4497972543437747,-0.24993237895764553,1.2060170309613225,-1.4461460814224463
173,-0.1813431554418239,0.5565846019015819,-0.04729607485458098,-0.6278196728793093,0.31652720935789613,0.2539518479899594,1.0659510383869328,0.1501146521935386,-0.20482678578279767,-0.008878894678432836,0.14211020847004363,0.34232855914769456,-1.4552933239969095,0.181399209203005,-0.6263288213972045,0.697462109413701,0.636062266536007,2.1328200407318567,-0.7461582479215103
174,-0.3359802167852637,-0.2016861597319366,0.3038047307572529,-0.9673653920688716,0.18529338457526823,0.13642498062528707,-0.9923095080701856,0.12393454738045184,0.058382427753976174,-0.08475854077117084,-0.3733478154440011,0.5055247249857002,1.1140357811518076,-0.20019089588601657,0.5797141042489145,0.47143579610379494,-0.49385402103678944,1.6027561363594582,0.27254223772547714
175,0.24877410953817236,-0.18191986780421843,-0.14556921579263715,0.4831183646858568,-0.09853863027604737,-0.270814936459312,-0.14926994634327517,-0.3450792811552792,-0.2978216653850865,0.199962184640734,-0.14033217841413048,-0.4190803248557007,-0.9914237422280392,-0.9310543664860811,1.4581509081654405,-0.1794080651462826,-0.3187971585611238,1.7769100822951085,1.4472900080019837
176,-0.43040521904938256,-0.46779970001423443,0.10662086304699736,0.11572061796056499,-0.18270193231909193,0.4432153203230791,-0.8403762407137743,-0.33206158145890763,-0.6585219849081172,0.26539924633476986,-1.0355132937441223,-0.058573675612479725,1.821491961073269,-0.44348803987907726,0.8840324207679187,-0.43227168851302356,-0.4041937528043933,-0.7400839086021112,-1.3932593574821537
177,-0.2552703231952149,-0.13814189240727615,-0.16847119024155477,-0.4399571271295848,0.01919307720947616,-0.13311109856003212,-1.1284106090325698,-0.08153335917697557,-0.19454417563617987,0.19620172890036702,-0.346485065591013,-0.24465386040951875,-1.4319094921823865,-0.7251734903633054,-1.1296919104569811,-0.07950587621384742,0.6799770953978217,0.6151648515246002,-1.2581269673232036
178,0.11036925367988637,0.6311146361783244,-0.16317409036253938,0.5914517522764937,-0.013440817016960871,-0.4368693986580112,-0.930059221225136,-0.12836320487304098,-0.449011211826825,-0.20300018241898865,0.09195241881970162,0.19416458742154363,-0.8451727700408833,-0.46534385017612045,1.2095304305432837,0.6591558778844817,-0.3249676017454277,1.3943869723663793,-1.370250684815825
179,0.27154812487134894,-0.36720653447771756,-0.015826741362428898,0.5946584029448019,-0.0862907479213102,-0.28112663216874134,0.2049660867436085,0.20006927098314486,-0.4226625054332729,-0.08043460512962497,-0.14669886906487584,0.09559198918985556,-0.1358913063953091,0.8287765419211066,-0.18353462182852187,-0.06243348905313084,-0.1327825234721045,2.239825947321398,0.3596484361461476
180,0.47954061713684926,-0.6328128841213179,-0.42031389027376376,0.08952109843076794,0.06965979188446614,-0.3827020266450578,-0.23838682150510593,0.07571694380211724,0.23936590751613274,-0.23949950937253828,-0.5459978688854754,-0.47080771299619295,1.102532569313368,0.1507073170998452,1.1037488474623967,0.560080269193036,0.793053332068228,-0.5624921411199297,-0.9746208726901449
181,-0.019361757779790878,-0.058731703456071926,-0.3255801612138782,-0.310849947860258,-0.22883602708935147,-0.35149738495273253,1.1034462122790805,0.049190721091692424,-0.36476907043517937,-0.04840810362376846,0.24117196014568076,0.3473559914673179,0.2620498791921104,0.04871972247472511,0.43615249472722883,0.39959907227500047,-0.5800920174873938,2.0873264020578715,-1.7111412948837312
182,0.4222746227908214,-0.010276851497469153,-0.26921779142565105,-0.38490346996656566,0.5806792771579032,-0.16645562093686017,0.503675618519587,0.062911099056294,0.1883484137826965,-0.5266850592077299,-0.1428536317434803,0.09865124631281752,-0.1334454315593101,-0.16608080879206089,0.4380529726246545,0.2223011024314685,0.4132778302068192,1.24577952273403,-0.2582499507827931
183,0.34573964817754277,-0.3300535971380256,-0.2877403663901297,-0.7221169013281115,0.09850171751763703,0.5859131414278398,-0.5308881760578545,0.05800817913088574,0.12842575095887376,0.3866477594918365,0.1370687419311727,-0.10986215925108356,2.412884405191935,0.2975277715041851,-0.17432672640752145,0.34675113766186705,-0.3461264201983525,-1.2428147954264102,-1.3937957722549692
184,-0.38522015980780466,-0.060827961172666534,-0.11286441131270752,-0.16140164202698148,-0.184169751572135,0.5073528522785895,-1.528449673425401,-0.12145751324869991,0.024784954421853023,-0.2981465306679212,0.5122381810093612,-0.19355297932770466,0.7125154425681162,0.16665967258441938,-0.017128668165676153,0.20337470385907697,-0.16303505124926287,1.4803168897123529,0.8287427592864463
185,0.6213366718698019,0.209521955755533,0.02257671533920158,0.8882071928146891,0.5364217177888704,-0.21033520787664095,1.3356619526375297,0.08907647763222792,0.09997132612384974,-0.3099376167180834,0.45639486168390775,0.4642478879232179,0.560874405793256,0.11724174546408861,-1.270052139604231,0.7971717409293095,-0.4113873537089958,0.4339805001939947,1.1777291684381366
186,-0.4277264872600117,-0.37001759042928395,-0.14854022867877292,-0.8623208207310302,0.43493528113750246,-0.2121711157283479,0.31946518205343644,0.2718824007094107,0.7283386408325052,-0.0003082941448404597,-0.24306621782638693,-0.1813984316305839,1.7297920299766867,0.27967578645700186,1.9671276643550346,-0.2564196042829474,0.07937286850403114,0.5314785474228056,-0.1405968943622078
187,-0.39856449940468597,0.049018644539288836,-0.3878164431134694,-0.35309453378838107,-0.3909838771639671,-0.5090243971951303,-0.445071125125188,-0.15365249507547718,0.007676902377451,-0.44808844613316534,-0.0651916745425396,-0.17372603252485375,0.5307006223390678,0.6606572193879225,-0.14398371814025523,0.4432708458967447,-0.4327360524593802,-0.5632956684081174,-0.841091189939557
188,-0.1855143683464524,-0.27414035140968185,0.11334401922006565,0.4664448839755897,-0.13593775112505035,0.08542389037040898,0.7925551621679334,0.0355658405388799,0.19676867261529463,-0.651510513051409,0.09779454683092226,-0.06960096586561226,-0.8055630792904527,0.4087543481864069,0.4003608232332141,0.1206369389530133,0.39974090567746545,1.64282724051687,-1.4567950546763093
189,0.37816394318028124,0.270970596023588,0.42811707131666443,0.25150462400101325,0.01629077792848621,0.2137377447036206,-1.2355458740267133,-0.06835646187681066,0.7788120328893147,-0.5099819037892095,0.048891758549491016,-0.16884222406110583,0.9970080564361536,1.002159165047798,-1.453279463640099,-0.34678406077192836,-0.2485785445004427,1.042324527887052,1.5933823499784978
190,-0.3573581237327561,-0.4975215394943504,-0.3920843388789437,0.9262084192027054,-0.19175395363431846,0.32476262731190486,-1.3620568212838196,0.26647551256156987,-0.453038344326008,0.6778041051548644,-0.11534251960472997,0.19540365744520338,-0.825670457687619,0.4128354811049286,-0.669425621172242,0.3333514191785101,-1.002937240881232,-0.7482457901315671,1.4047096732722624
191,-0.2548042176369769,-0.017288947408958144,0.01749553696549988,0.08612333593914911,0.0856685392617571,-0.06340566870023245,0.17608088269243094,0.6405099924358586,0.004944062095291635,0.09772403832431387,0.6416975965579508,0.016716274350409677,1.4096596155903311,-0.3796573041603244,0.7112517668925324,-0.6467372877163067,0.6519670649077836,-1.9072468497674935,0.9579395685136616
192,0.02771378984636641,0.4880390918150921,0.19290335186739815,0.6666703175305173,0.38647024869096525,0.07942951757361039,-0.20509357254722715,0.2576895361079332,0.2781640679982429,-0.3041872901594651,-0.3696195728369682,-0.3549680420404542,-0.9970080564361536,0.6695408199428634,-1.203930048249303,-0.6364641669309181,-0.30822799976234494,-1.3215827783185796,1.868548615172716
193,0.029437800070097886,0.613409047893068,0.055486887213127556,0.5520386813671623,0.44676170022020534,0.31957768530369357,0.6422791220394126,-0.19058833402452713,-0.5019531541220479,0.17912169094314834,-0.2230267403958015,0.19753863610466293,-1.0532131220939887,-0.4273530417124207,-0.35475490311181623,0.0021041899089624394,0.02643064923845495,2.18219534723705,-0.5834348955448405
194,-0.12153915747681499,0.9979657918652611,-0.11948989696888379,-0.5893596219555688,-0.2338859807462419,0.40412767360515556,0.9845798213594206,0.19515132895212783,0.11534606155981741,0.5617550249207017,0.09731759275322815,-0.27698434303657526,-0.46488322559088324,-0.44247953216652647,0.6076329552098629,0.010235241743442813,0.09369718446067621,-1.4184199766617525,-1.1760287814625885
195,0.34244296521564443,-0.47606355848544357,-0.23286009472530855,0.08514810969588105,0.28370671987663565,-0.2811576602095309,0.13564456431707672,-0.273329359135158,0.26257990559783195,-0.12411549799745458,0.7182367761178119,-0.4903911269824621,-1.9438077465956471,-0.6663359551781696,1.0449739637694808,-0.010693520517288668,0.6789403156643758,2.729103404658437,-1.3458848266946921
196,-0.550411555816428,0.07249159195801536,0.07963820734715599,0.9415295755202253,-0.3011364315067091,-0.36811097907841805,0.7280297322495928,0.11743794201139623,-0.37247069511150954,-0.20241516216370492,-0.15764084489174124,0.05941997847915159,2.401234664712666,0.32594081764491856,0.6392233305469324,0.9257107195695573,0.2786072344484647,-0.7801831778386372,-1.555463584761264
197,-0.5182244034633365,-0.22641740673978994,-0.08341766295029407,-0.08597632084527884,0.36427289275127217,-0.10625806910255076,-0.48853783802809225,-0.2540498066499395,-0.19597241503504925,-0.43887675185025987,0.2479348630343372,-0.07902190102578732,0.02641871169500032,-0.44566570399289507,-0.6148878439707763,-0.36369284515092115,-0.13637313249087635,1.7311640531382153,1.5717132356205274
198,-0.2651157353411513,-0.04568684597733075,-0.22806297756378235,-0.04724406969249717,-0.18565084980251845,-0.07954594262980752,-1.056560894619115,-0.1566800216269706,0.27255696702619847,-0.0765085453387444,0.17490241962404518,-0.11375761058630163,-1.8561412647024973,0.45330895542718164,-0.26018219924278796,-0.7020294787999548,-0.11380410474194269,0.1297764979890319,-0.46304740727755433
199,0.5461139955216554,0.26584139582156485,0.036545280953571346,0.32942698214606647,-0.022976577196493597,0.3367799038881176,-0.850960901787813,0.04298649909644814,-0.8657624573145144,-0.011489047775546268,-0.27694089283612655,0.5316369784766075,-1.409659615590332,0.06723994101043784,0.08355697035423848,-0.18450509163394546,0.020183010034782622,-0.771564459265452,-1.1200314259595716
